City Boundary Specification (LAU/grid),Country Or Territory,City,City Code,Total City Population *,Year,Air Pollutant,Health Risk Scenario,Populated Area [km2],Air Pollution Average [ug/m3],Air Pollution Population Weighted Average [ug/m3],Premature Deaths,Premature Deaths - lower CI,Premature Deaths - upper CI,Years Of Life Lost,Years Of Life Lost - lower CI,Years Of Life Lost - upper CI
"Urban Centres (grid)","Germany","Berlin","GEOSTAT11_186","3346622","2005","NO2","WHO_2005_HRAPIE_Scen_Base","643","25.8","28.4","1397","805","1985","15755","9090","22381"
"Urban Centres (grid)","Germany","Berlin","GEOSTAT11_186","3346622","2005","O3","WHO_2005_HRAPIE_Scen_Base","642","3853.3","3767.4","94","46","143","1134","548","1679"
"Urban Centres (grid)","Germany","Berlin","GEOSTAT11_186","3346622","2005","PM10","WHO_2005_HRAPIE_Scen_Base","643","27.0","27.4","","","","","",""
"Urban Centres (grid)","Germany","Berlin","GEOSTAT11_186","3346622","2005","PM2.5","WHO_2005_HRAPIE_Scen_Base","643","18.8","19.1","3472","2308","4518","39167","26045","50976"
"Urban Centres (grid)","Germany","Berlin","GEOSTAT11_186","3346622","2005","NO2","WHO_2021_AQG_Scen_Base","643","25.8","28.4","1143","578","2221","12885","6535","25053"
"Urban Centres (grid)","Germany","Berlin","GEOSTAT11_186","3346622","2005","O3","WHO_2021_AQG_Scen_Base","643","3853.3","3767.4","143","113","174","1678","1328","2027"
"Urban Centres (grid)","Germany","Berlin","GEOSTAT11_186","3346622","2005","PM10","WHO_2021_AQG_Scen_Base","643","27.0","27.4","","","","","",""
"Urban Centres (grid)","Germany","Berlin","GEOSTAT11_186","3346622","2005","PM2.5","WHO_2021_AQG_Scen_Base","643","18.8","19.1","3288","2522","3656","37096","28453","41272"
"Urban Centres (grid)","Germany","Berlin","GEOSTAT11_186","3346622","2005","NO2","WHO_2021_AQG_Scen_Sensitivity_2","643","25.8","28.4","1747","891","3366","19714","10047","37981"
"Urban Centres (grid)","Germany","Berlin","GEOSTAT11_186","3346622","2005","PM2.5","WHO_2021_AQG_Scen_Sensitivity_2","643","18.8","19.1","4370","3368","4853","49329","38007","54766"
"Urban Centres (grid)","Germany","Berlin","GEOSTAT11_186","3344071","2006","O3","WHO_2005_HRAPIE_Scen_Base","643","5505.6","5494.8","140","66","207","1670","807","2470"
"Urban Centres (grid)","Germany","Berlin","GEOSTAT11_186","3344071","2006","PM10","WHO_2005_HRAPIE_Scen_Base","642","28.6","29.0","","","","","",""
"Urban Centres (grid)","Germany","Berlin","GEOSTAT11_186","3344071","2006","O3","WHO_2021_AQG_Scen_Base","643","5505.6","5494.8","207","163","248","2469","1957","2985"
"Urban Centres (grid)","Germany","Berlin","GEOSTAT11_186","3344071","2006","PM10","WHO_2021_AQG_Scen_Base","642","28.6","29.0","","","","","",""
"Urban Centres (grid)","Germany","Berlin","GEOSTAT11_186","3339080","2007","O3","WHO_2005_HRAPIE_Scen_Base","642","3943.5","3937.1","98","48","149","1210","586","1793"
"Urban Centres (grid)","Germany","Berlin","GEOSTAT11_186","3339080","2007","PM10","WHO_2005_HRAPIE_Scen_Base","643","22.0","22.2","","","","","",""
"Urban Centres (grid)","Germany","Berlin","GEOSTAT11_186","3339080","2007","PM2.5","WHO_2005_HRAPIE_Scen_Base","643","14.3","14.4","2653","1756","3467","30759","20357","40211"
"Urban Centres (grid)","Germany","Berlin","GEOSTAT11_186","3339080","2007","O3","WHO_2021_AQG_Scen_Base","643","3943.5","3937.1","149","118","179","1793","1419","2168"
"Urban Centres (grid)","Germany","Berlin","GEOSTAT11_186","3339080","2007","PM10","WHO_2021_AQG_Scen_Base","643","22.0","22.2","","","","","",""
"Urban Centres (grid)","Germany","Berlin","GEOSTAT11_186","3339080","2007","PM2.5","WHO_2021_AQG_Scen_Base","642","14.3","14.4","2231","1703","2487","25882","19767","28858"
"Urban Centres (grid)","Germany","Berlin","GEOSTAT11_186","3339080","2007","PM2.5","WHO_2021_AQG_Scen_Sensitivity_2","643","14.3","14.4","3354","2573","3729","38889","29837","43264"
"Urban Centres (grid)","Germany","Berlin","GEOSTAT11_186","3335140","2008","O3","WHO_2005_HRAPIE_Scen_Base","643","3984.9","3945.2","100","49","153","1216","588","1799"
"Urban Centres (grid)","Germany","Berlin","GEOSTAT11_186","3335140","2008","PM10","WHO_2005_HRAPIE_Scen_Base","642","22.5","22.7","","","","","",""
"Urban Centres (grid)","Germany","Berlin","GEOSTAT11_186","3335140","2008","PM2.5","WHO_2005_HRAPIE_Scen_Base","643","15.8","16.0","2987","1980","3901","34069","22584","44471"
"Urban Centres (grid)","Germany","Berlin","GEOSTAT11_186","3335140","2008","O3","WHO_2021_AQG_Scen_Base","642","3984.9","3945.2","153","120","185","1799","1425","2176"
"Urban Centres (grid)","Germany","Berlin","GEOSTAT11_186","3335140","2008","PM10","WHO_2021_AQG_Scen_Base","642","22.5","22.7","","","","","",""
"Urban Centres (grid)","Germany","Berlin","GEOSTAT11_186","3335140","2008","PM2.5","WHO_2021_AQG_Scen_Base","643","15.8","16.0","2640","2020","2942","30102","23023","33538"
"Urban Centres (grid)","Germany","Berlin","GEOSTAT11_186","3335140","2008","PM2.5","WHO_2021_AQG_Scen_Sensitivity_2","643","15.8","16.0","3771","2899","4194","43016","33050","47822"
"Urban Centres (grid)","Germany","Berlin","GEOSTAT11_186","3326402","2009","NO2","WHO_2005_HRAPIE_Scen_Base","642","24.0","26.8","1188","685","1689","13547","7806","19267"
"Urban Centres (grid)","Germany","Berlin","GEOSTAT11_186","3326402","2009","O3","WHO_2005_HRAPIE_Scen_Base","643","3652.0","3611.5","93","45","142","1126","545","1667"
"Urban Centres (grid)","Germany","Berlin","GEOSTAT11_186","3326402","2009","PM10","WHO_2005_HRAPIE_Scen_Base","642","24.5","24.9","","","","","",""
"Urban Centres (grid)","Germany","Berlin","GEOSTAT11_186","3326402","2009","PM2.5","WHO_2005_HRAPIE_Scen_Base","643","17.5","17.9","3362","2233","4380","38330","25455","49941"
"Urban Centres (grid)","Germany","Berlin","GEOSTAT11_186","3326402","2009","NO2","WHO_2021_AQG_Scen_Base","643","24.0","26.8","1079","548","2102","12315","6241","23976"
"Urban Centres (grid)","Germany","Berlin","GEOSTAT11_186","3326402","2009","O3","WHO_2021_AQG_Scen_Base","643","3652.0","3611.5","142","112","171","1666","1317","2013"
"Urban Centres (grid)","Germany","Berlin","GEOSTAT11_186","3326402","2009","PM10","WHO_2021_AQG_Scen_Base","643","24.5","24.9","","","","","",""
"Urban Centres (grid)","Germany","Berlin","GEOSTAT11_186","3326402","2009","PM2.5","WHO_2021_AQG_Scen_Base","642","17.5","17.9","3109","2382","3461","35436","27149","39448"
"Urban Centres (grid)","Germany","Berlin","GEOSTAT11_186","3326402","2009","NO2","WHO_2021_AQG_Scen_Sensitivity_2","642","24.0","26.8","1708","868","3293","19462","9910","37543"
"Urban Centres (grid)","Germany","Berlin","GEOSTAT11_186","3326402","2009","PM2.5","WHO_2021_AQG_Scen_Sensitivity_2","642","17.5","17.9","4238","3262","4709","48322","37189","53676"
"Urban Centres (grid)","Germany","Berlin","GEOSTAT11_186","3318283","2010","NO2","WHO_2005_HRAPIE_Scen_Base","642","24.9","27.8","1347","777","1916","15418","8895","21906"
"Urban Centres (grid)","Germany","Berlin","GEOSTAT11_186","3318283","2010","O3","WHO_2005_HRAPIE_Scen_Base","642","3867.4","3837.1","99","48","151","1205","583","1783"
"Urban Centres (grid)","Germany","Berlin","GEOSTAT11_186","3318283","2010","PM10","WHO_2005_HRAPIE_Scen_Base","642","25.6","25.8","","","","","",""
"Urban Centres (grid)","Germany","Berlin","GEOSTAT11_186","3318283","2010","PM2.5","WHO_2005_HRAPIE_Scen_Base","642","19.8","19.9","3746","2493","4871","42836","28507","55710"
"Urban Centres (grid)","Germany","Berlin","GEOSTAT11_186","3318283","2010","NO2","WHO_2021_AQG_Scen_Base","643","24.9","27.8","1146","580","2227","13102","6644","25484"
"Urban Centres (grid)","Germany","Berlin","GEOSTAT11_186","3318283","2010","O3","WHO_2021_AQG_Scen_Base","643","3867.4","3837.1","151","119","183","1782","1411","2155"
"Urban Centres (grid)","Germany","Berlin","GEOSTAT11_186","3318283","2010","PM10","WHO_2021_AQG_Scen_Base","642","25.6","25.8","","","","","",""
"Urban Centres (grid)","Germany","Berlin","GEOSTAT11_186","3318283","2010","PM2.5","WHO_2021_AQG_Scen_Base","643","19.8","19.9","3595","2758","3998","41117","31560","45733"
"Urban Centres (grid)","Germany","Berlin","GEOSTAT11_186","3318283","2010","NO2","WHO_2021_AQG_Scen_Sensitivity_2","643","24.9","27.8","1775","905","3422","20298","10343","39125"
"Urban Centres (grid)","Germany","Berlin","GEOSTAT11_186","3318283","2010","PM2.5","WHO_2021_AQG_Scen_Sensitivity_2","643","19.8","19.9","4713","3634","5232","53915","41569","59838"
"Urban Centres (grid)","Germany","Berlin","GEOSTAT11_186","3254181","2011","O3","WHO_2005_HRAPIE_Scen_Base","643","4074.8","4042.5","104","51","158","1249","603","1847"
"Urban Centres (grid)","Germany","Berlin","GEOSTAT11_186","3254181","2011","PM10","WHO_2005_HRAPIE_Scen_Base","643","24.2","24.4","","","","","",""
"Urban Centres (grid)","Germany","Berlin","GEOSTAT11_186","3254181","2011","PM2.5","WHO_2005_HRAPIE_Scen_Base","643","19.4","19.5","3653","2430","4755","41371","27522","53825"
"Urban Centres (grid)","Germany","Berlin","GEOSTAT11_186","3254181","2011","O3","WHO_2021_AQG_Scen_Base","642","4074.8","4042.5","158","124","192","1846","1464","2232"
"Urban Centres (grid)","Germany","Berlin","GEOSTAT11_186","3254181","2011","PM10","WHO_2021_AQG_Scen_Base","642","24.2","24.4","","","","","",""
"Urban Centres (grid)","Germany","Berlin","GEOSTAT11_186","3254181","2011","PM2.5","WHO_2021_AQG_Scen_Base","642","19.4","19.5","3488","2676","3879","39480","30293","43918"
"Urban Centres (grid)","Germany","Berlin","GEOSTAT11_186","3254181","2011","PM2.5","WHO_2021_AQG_Scen_Sensitivity_2","643","19.4","19.5","4601","3547","5109","52089","40146","57818"
"Urban Centres (grid)","Germany","Berlin","GEOSTAT11_186","3258477","2012","O3","WHO_2005_HRAPIE_Scen_Base","643","3372.4","3343.6","88","43","134","1028","496","1521"
"Urban Centres (grid)","Germany","Berlin","GEOSTAT11_186","3258477","2012","PM10","WHO_2005_HRAPIE_Scen_Base","643","20.2","20.4","","","","","",""
"Urban Centres (grid)","Germany","Berlin","GEOSTAT11_186","3258477","2012","PM2.5","WHO_2005_HRAPIE_Scen_Base","642","15.4","15.5","3004","1992","3921","33213","22004","43373"
"Urban Centres (grid)","Germany","Berlin","GEOSTAT11_186","3258477","2012","O3","WHO_2021_AQG_Scen_Base","642","3372.4","3343.6","134","103","161","1521","1205","1837"
"Urban Centres (grid)","Germany","Berlin","GEOSTAT11_186","3258477","2012","PM10","WHO_2021_AQG_Scen_Base","642","20.2","20.4","","","","","",""
"Urban Centres (grid)","Germany","Berlin","GEOSTAT11_186","3258477","2012","PM2.5","WHO_2021_AQG_Scen_Base","642","15.4","15.5","2620","2004","2920","28973","22152","32290"
"Urban Centres (grid)","Germany","Berlin","GEOSTAT11_186","3258477","2012","PM2.5","WHO_2021_AQG_Scen_Sensitivity_2","642","15.4","15.5","3795","2913","4218","41953","32217","46647"
"Urban Centres (grid)","Germany","Berlin","GEOSTAT11_186","3266421","2013","NO2","WHO_2005_HRAPIE_Scen_Base","642","23.7","25.8","1077","619","1535","11700","6730","16668"
"Urban Centres (grid)","Germany","Berlin","GEOSTAT11_186","3266421","2013","O3","WHO_2005_HRAPIE_Scen_Base","643","3735.8","3718.5","100","49","153","1152","559","1709"
"Urban Centres (grid)","Germany","Berlin","GEOSTAT11_186","3266421","2013","PM10","WHO_2005_HRAPIE_Scen_Base","643","20.4","20.5","","","","","",""
"Urban Centres (grid)","Germany","Berlin","GEOSTAT11_186","3266421","2013","PM2.5","WHO_2005_HRAPIE_Scen_Base","642","14.9","14.9","2970","1970","3882","32257","21360","42149"
"Urban Centres (grid)","Germany","Berlin","GEOSTAT11_186","3266421","2013","NO2","WHO_2021_AQG_Scen_Base","643","23.7","25.8","1067","541","2081","11592","5872","22594"
"Urban Centres (grid)","Germany","Berlin","GEOSTAT11_186","3266421","2013","O3","WHO_2021_AQG_Scen_Base","643","3735.8","3718.5","153","120","185","1708","1352","2063"
"Urban Centres (grid)","Germany","Berlin","GEOSTAT11_186","3266421","2013","PM10","WHO_2021_AQG_Scen_Base","643","20.4","20.5","","","","","",""
"Urban Centres (grid)","Germany","Berlin","GEOSTAT11_186","3266421","2013","PM2.5","WHO_2021_AQG_Scen_Base","643","14.9","14.9","2543","1944","2835","27609","21096","30776"
"Urban Centres (grid)","Germany","Berlin","GEOSTAT11_186","3266421","2013","NO2","WHO_2021_AQG_Scen_Sensitivity_2","643","23.7","25.8","1726","877","3335","18739","9536","36191"
"Urban Centres (grid)","Germany","Berlin","GEOSTAT11_186","3266421","2013","PM2.5","WHO_2021_AQG_Scen_Sensitivity_2","643","14.9","14.9","3756","2882","4176","40765","31290","45341"
"Urban Centres (grid)","Germany","Berlin","GEOSTAT11_186","3276306","2014","NO2","WHO_2005_HRAPIE_Scen_Base","642","22.9","25.6","1008","580","1437","11290","6500","16070"
"Urban Centres (grid)","Germany","Berlin","GEOSTAT11_186","3276306","2014","O3","WHO_2005_HRAPIE_Scen_Base","642","3545.7","3530.5","92","45","141","1093","527","1617"
"Urban Centres (grid)","Germany","Berlin","GEOSTAT11_186","3276306","2014","PM10","WHO_2005_HRAPIE_Scen_Base","642","23.3","23.5","","","","","",""
"Urban Centres (grid)","Germany","Berlin","GEOSTAT11_186","3276306","2014","PM2.5","WHO_2005_HRAPIE_Scen_Base","642","17.7","17.9","3424","2275","4463","38312","25445","49920"
"Urban Centres (grid)","Germany","Berlin","GEOSTAT11_186","3276306","2014","NO2","WHO_2021_AQG_Scen_Base","642","22.9","25.6","1018","515","1982","11385","5767","22188"
"Urban Centres (grid)","Germany","Berlin","GEOSTAT11_186","3276306","2014","O3","WHO_2021_AQG_Scen_Base","642","3545.7","3530.5","141","111","169","1617","1282","1955"
"Urban Centres (grid)","Germany","Berlin","GEOSTAT11_186","3276306","2014","PM10","WHO_2021_AQG_Scen_Base","643","23.3","23.5","","","","","",""
"Urban Centres (grid)","Germany","Berlin","GEOSTAT11_186","3276306","2014","PM2.5","WHO_2021_AQG_Scen_Base","642","17.7","17.9","3167","2429","3527","35447","27159","39462"
"Urban Centres (grid)","Germany","Berlin","GEOSTAT11_186","3276306","2014","NO2","WHO_2021_AQG_Scen_Sensitivity_2","643","22.9","25.6","1657","843","3199","18532","9431","35792"
"Urban Centres (grid)","Germany","Berlin","GEOSTAT11_186","3276306","2014","PM2.5","WHO_2021_AQG_Scen_Sensitivity_2","643","17.7","17.9","4318","3324","4795","48300","37172","53651"
"Urban Centres (grid)","Germany","Berlin","GEOSTAT11_186","3293753","2015","NO2","WHO_2005_HRAPIE_Scen_Base","642","24.2","26.0","1146","659","1633","12190","7010","17370"
"Urban Centres (grid)","Germany","Berlin","GEOSTAT11_186","3293753","2015","O3","WHO_2005_HRAPIE_Scen_Base","642","3934.1","3888.9","110","53","166","1224","592","1811"
"Urban Centres (grid)","Germany","Berlin","GEOSTAT11_186","3293753","2015","PM10","WHO_2005_HRAPIE_Scen_Base","642","21.0","21.3","","","","","",""
"Urban Centres (grid)","Germany","Berlin","GEOSTAT11_186","3293753","2015","PM2.5","WHO_2005_HRAPIE_Scen_Base","642","14.9","15.1","3102","2054","4054","32990","21849","43098"
"Urban Centres (grid)","Germany","Berlin","GEOSTAT11_186","3293753","2015","NO2","WHO_2021_AQG_Scen_Base","642","24.2","26.0","1119","566","2180","11898","6028","23190"
"Urban Centres (grid)","Germany","Berlin","GEOSTAT11_186","3293753","2015","O3","WHO_2021_AQG_Scen_Base","642","3934.1","3888.9","166","132","200","1810","1433","2189"
"Urban Centres (grid)","Germany","Berlin","GEOSTAT11_186","3293753","2015","PM10","WHO_2021_AQG_Scen_Base","642","21.0","21.3","","","","","",""
"Urban Centres (grid)","Germany","Berlin","GEOSTAT11_186","3293753","2015","PM2.5","WHO_2021_AQG_Scen_Base","642","14.9","15.1","2668","2040","2974","28381","21689","31633"
"Urban Centres (grid)","Germany","Berlin","GEOSTAT11_186","3293753","2015","NO2","WHO_2021_AQG_Scen_Sensitivity_2","643","24.2","26.0","1799","915","3474","19132","9736","36944"
"Urban Centres (grid)","Germany","Berlin","GEOSTAT11_186","3293753","2015","PM2.5","WHO_2021_AQG_Scen_Sensitivity_2","643","14.9","15.1","3919","3010","4360","41684","32000","46361"
"Urban Centres (grid)","Germany","Berlin","GEOSTAT11_186","3333429","2016","NO2","WHO_2005_HRAPIE_Scen_Base","642","22.9","25.3","998","574","1424","10936","6288","15586"
"Urban Centres (grid)","Germany","Berlin","GEOSTAT11_186","3333429","2016","O3","WHO_2005_HRAPIE_Scen_Base","642","3412.0","3364.8","92","45","141","1071","517","1587"
"Urban Centres (grid)","Germany","Berlin","GEOSTAT11_186","3333429","2016","PM10","WHO_2005_HRAPIE_Scen_Base","643","21.2","21.6","","","","","",""
"Urban Centres (grid)","Germany","Berlin","GEOSTAT11_186","3333429","2016","PM2.5","WHO_2005_HRAPIE_Scen_Base","642","15.1","15.4","3101","2054","4051","33947","22490","44338"
"Urban Centres (grid)","Germany","Berlin","GEOSTAT11_186","3333429","2016","NO2","WHO_2021_AQG_Scen_Base","642","22.9","25.3","1050","532","2047","11494","5820","22413"
"Urban Centres (grid)","Germany","Berlin","GEOSTAT11_186","3333429","2016","O3","WHO_2021_AQG_Scen_Base","642","3412.0","3364.8","141","111","170","1587","1255","1919"
"Urban Centres (grid)","Germany","Berlin","GEOSTAT11_186","3333429","2016","PM10","WHO_2021_AQG_Scen_Base","642","21.2","21.6","","","","","",""
"Urban Centres (grid)","Germany","Berlin","GEOSTAT11_186","3333429","2016","PM2.5","WHO_2021_AQG_Scen_Base","642","15.1","15.4","2692","2058","3000","29475","22530","32849"
"Urban Centres (grid)","Germany","Berlin","GEOSTAT11_186","3333429","2016","NO2","WHO_2021_AQG_Scen_Sensitivity_2","642","22.9","25.3","1717","875","3321","18813","9572","36349"
"Urban Centres (grid)","Germany","Berlin","GEOSTAT11_186","3333429","2016","PM2.5","WHO_2021_AQG_Scen_Sensitivity_2","643","15.1","15.4","3917","3008","4357","42886","32931","47690"
"Urban Centres (grid)","Germany","Berlin","GEOSTAT11_186","3347466","2017","NO2","WHO_2005_HRAPIE_Scen_Base","642","22.1","24.4","858","492","1224","9030","5188","12882"
"Urban Centres (grid)","Germany","Berlin","GEOSTAT11_186","3347466","2017","O3","WHO_2005_HRAPIE_Scen_Base","642","2364.7","2299.9","64","31","96","720","347","1065"
"Urban Centres (grid)","Germany","Berlin","GEOSTAT11_186","3347466","2017","PM10","WHO_2005_HRAPIE_Scen_Base","642","20.5","20.9","","","","","",""
"Urban Centres (grid)","Germany","Berlin","GEOSTAT11_186","3347466","2017","PM2.5","WHO_2005_HRAPIE_Scen_Base","643","15.0","15.2","3138","2077","4100","33026","21876","43143"
"Urban Centres (grid)","Germany","Berlin","GEOSTAT11_186","3347466","2017","NO2","WHO_2021_AQG_Scen_Base","642","22.1","24.4","1008","511","1971","10625","5378","20738"
"Urban Centres (grid)","Germany","Berlin","GEOSTAT11_186","3347466","2017","O3","WHO_2021_AQG_Scen_Base","642","2364.7","2299.9","96","75","118","1065","844","1288"
"Urban Centres (grid)","Germany","Berlin","GEOSTAT11_186","3347466","2017","PM10","WHO_2021_AQG_Scen_Base","643","20.5","20.9","","","","","",""
"Urban Centres (grid)","Germany","Berlin","GEOSTAT11_186","3347466","2017","PM2.5","WHO_2021_AQG_Scen_Base","642","15.0","15.2","2708","2070","3020","28516","21794","31782"
"Urban Centres (grid)","Germany","Berlin","GEOSTAT11_186","3347466","2017","NO2","WHO_2021_AQG_Scen_Sensitivity_2","642","22.1","24.4","1694","863","3278","17837","9073","34499"
"Urban Centres (grid)","Germany","Berlin","GEOSTAT11_186","3347466","2017","PM2.5","WHO_2021_AQG_Scen_Sensitivity_2","643","15.0","15.2","3964","3045","4409","41727","32038","46406"
"Urban Centres (grid)","Germany","Berlin","GEOSTAT11_186","3358449","2018","NO2","WHO_2005_HRAPIE_Scen_Base","643","21.8","24.4","887","510","1264","9193","5286","13103"
"Urban Centres (grid)","Germany","Berlin","GEOSTAT11_186","3358449","2018","O3","WHO_2005_HRAPIE_Scen_Base","643","5218.9","5135.0","151","71","223","1618","781","2393"
"Urban Centres (grid)","Germany","Berlin","GEOSTAT11_186","3358449","2018","PM10","WHO_2005_HRAPIE_Scen_Base","643","22.4","22.7","","","","","",""
"Urban Centres (grid)","Germany","Berlin","GEOSTAT11_186","3358449","2018","PM2.5","WHO_2005_HRAPIE_Scen_Base","642","15.4","15.7","3307","2191","4316","34246","22693","44714"
"Urban Centres (grid)","Germany","Berlin","GEOSTAT11_186","3358449","2018","NO2","WHO_2021_AQG_Scen_Base","643","21.8","24.4","1029","521","2009","10662","5398","20805"
"Urban Centres (grid)","Germany","Berlin","GEOSTAT11_186","3358449","2018","O3","WHO_2021_AQG_Scen_Base","643","5218.9","5135.0","223","178","269","2392","1895","2890"
"Urban Centres (grid)","Germany","Berlin","GEOSTAT11_186","3358449","2018","PM10","WHO_2021_AQG_Scen_Base","643","22.4","22.7","","","","","",""
"Urban Centres (grid)","Germany","Berlin","GEOSTAT11_186","3358449","2018","PM2.5","WHO_2021_AQG_Scen_Base","643","15.4","15.7","2895","2214","3224","29989","22931","33417"
"Urban Centres (grid)","Germany","Berlin","GEOSTAT11_186","3358449","2018","NO2","WHO_2021_AQG_Scen_Sensitivity_2","643","21.8","24.4","1730","880","3346","17929","9120","34670"
"Urban Centres (grid)","Germany","Berlin","GEOSTAT11_186","3358449","2018","PM2.5","WHO_2021_AQG_Scen_Sensitivity_2","643","15.4","15.7","4175","3206","4642","43252","33220","48090"
"Urban Centres (grid)","Germany","Berlin","GEOSTAT11_186","3367648","2019","NO2","WHO_2005_HRAPIE_Scen_Base","643","19.8","22.1","501","287","717","5323","3052","7610"
"Urban Centres (grid)","Germany","Berlin","GEOSTAT11_186","3367648","2019","O3","WHO_2005_HRAPIE_Scen_Base","643","4390.8","4295.6","124","59","185","1362","659","2016"
"Urban Centres (grid)","Germany","Berlin","GEOSTAT11_186","3367648","2019","PM10","WHO_2005_HRAPIE_Scen_Base","643","18.2","18.6","","","","","",""
"Urban Centres (grid)","Germany","Berlin","GEOSTAT11_186","3367648","2019","PM2.5","WHO_2005_HRAPIE_Scen_Base","642","12.3","12.4","2606","1721","3414","27660","18269","36228"
"Urban Centres (grid)","Germany","Berlin","GEOSTAT11_186","3367648","2019","NO2","WHO_2021_AQG_Scen_Base","643","19.8","22.1","854","431","1667","9055","4578","17714"
"Urban Centres (grid)","Germany","Berlin","GEOSTAT11_186","3367648","2019","O3","WHO_2021_AQG_Scen_Base","643","4390.8","4295.6","185","146","221","2016","1595","2436"
"Urban Centres (grid)","Germany","Berlin","GEOSTAT11_186","3367648","2019","PM10","WHO_2021_AQG_Scen_Base","642","18.2","18.6","","","","","",""
"Urban Centres (grid)","Germany","Berlin","GEOSTAT11_186","3367648","2019","PM2.5","WHO_2021_AQG_Scen_Base","642","12.3","12.4","2009","1532","2241","21329","16261","23801"
"Urban Centres (grid)","Germany","Berlin","GEOSTAT11_186","3367648","2019","NO2","WHO_2021_AQG_Scen_Sensitivity_2","642","19.8","22.1","1545","785","2995","16410","8337","31807"
"Urban Centres (grid)","Germany","Berlin","GEOSTAT11_186","3367648","2019","O3","WHO_2021_AQG_Scen_Sensitivity_2","642","17899.8","17730.7","750","595","907","8256","6545","9960"
"Urban Centres (grid)","Germany","Berlin","GEOSTAT11_186","3367648","2019","PM2.5","WHO_2021_AQG_Scen_Sensitivity_2","643","12.3","12.4","3297","2527","3672","35025","26824","38999"
"Urban Centres (grid)","Germany","Berlin","GEOSTAT11_186","3373631","2020","NO2","WHO_2005_HRAPIE_Scen_Base","643","16.4","18.5","129","74","185","1322","756","1896"
"Urban Centres (grid)","Germany","Berlin","GEOSTAT11_186","3373631","2020","O3","WHO_2005_HRAPIE_Scen_Base","643","3929.5","3916.5","119","56","176","1256","607","1859"
"Urban Centres (grid)","Germany","Berlin","GEOSTAT11_186","3373631","2020","PM10","WHO_2005_HRAPIE_Scen_Base","643","16.5","16.7","","","","","",""
"Urban Centres (grid)","Germany","Berlin","GEOSTAT11_186","3373631","2020","PM2.5","WHO_2005_HRAPIE_Scen_Base","642","11.1","11.2","2485","1640","3259","25460","16794","33383"
"Urban Centres (grid)","Germany","Berlin","GEOSTAT11_186","3373631","2020","NO2","WHO_2021_AQG_Scen_Base","642","16.4","18.5","634","321","1245","6498","3281","12750"
"Urban Centres (grid)","Germany","Berlin","GEOSTAT11_186","3373631","2020","O3","WHO_2021_AQG_Scen_Base","643","3929.5","3916.5","176","140","213","1859","1474","2248"
"Urban Centres (grid)","Germany","Berlin","GEOSTAT11_186","3373631","2020","PM10","WHO_2021_AQG_Scen_Base","642","16.5","16.7","","","","","",""
"Urban Centres (grid)","Germany","Berlin","GEOSTAT11_186","3373631","2020","PM2.5","WHO_2021_AQG_Scen_Base","643","11.1","11.2","1780","1356","1989","18240","13891","20367"
"Urban Centres (grid)","Germany","Berlin","GEOSTAT11_186","3373631","2020","NO2","WHO_2021_AQG_Scen_Sensitivity_2","643","16.4","18.5","1368","694","2660","14016","7109","27255"
"Urban Centres (grid)","Germany","Berlin","GEOSTAT11_186","3373631","2020","O3","WHO_2021_AQG_Scen_Sensitivity_2","642","17716.2","17666.8","786","624","950","8322","6598","10040"
"Urban Centres (grid)","Germany","Berlin","GEOSTAT11_186","3373631","2020","PM2.5","WHO_2021_AQG_Scen_Sensitivity_2","643","11.1","11.2","3150","2411","3509","32271","24689","35952"
"Urban Centres (grid)","Germany","Berlin","GEOSTAT11_186","3373159","2021","NO2","WHO_2005_HRAPIE_Scen_Base","643","15.9","18.2","130","74","186","1337","764","1917"
"Urban Centres (grid)","Germany","Berlin","GEOSTAT11_186","3373159","2021","O3","WHO_2005_HRAPIE_Scen_Base","642","3121.3","3114.1","96","47","146","1044","504","1545"
"Urban Centres (grid)","Germany","Berlin","GEOSTAT11_186","3373159","2021","PM10","WHO_2005_HRAPIE_Scen_Base","642","17.3","17.6","","","","","",""
"Urban Centres (grid)","Germany","Berlin","GEOSTAT11_186","3373159","2021","PM2.5","WHO_2005_HRAPIE_Scen_Base","643","12.2","12.3","2822","1862","3695","29048","19183","38049"
"Urban Centres (grid)","Germany","Berlin","GEOSTAT11_186","3373159","2021","NO2","WHO_2021_AQG_Scen_Base","642","15.9","18.2","637","321","1252","6561","3312","12878"
"Urban Centres (grid)","Germany","Berlin","GEOSTAT11_186","3373159","2021","O3","WHO_2021_AQG_Scen_Base","642","3121.3","3114.1","146","115","176","1545","1224","1866"
"Urban Centres (grid)","Germany","Berlin","GEOSTAT11_186","3373159","2021","PM10","WHO_2021_AQG_Scen_Base","642","17.3","17.6","","","","","",""
"Urban Centres (grid)","Germany","Berlin","GEOSTAT11_186","3373159","2021","PM2.5","WHO_2021_AQG_Scen_Base","642","12.2","12.3","2161","1649","2413","22257","16967","24839"
"Urban Centres (grid)","Germany","Berlin","GEOSTAT11_186","3373159","2021","NO2","WHO_2021_AQG_Scen_Sensitivity_2","643","15.9","18.2","1400","710","2724","14415","7309","28040"
"Urban Centres (grid)","Germany","Berlin","GEOSTAT11_186","3373159","2021","O3","WHO_2021_AQG_Scen_Sensitivity_2","643","16855.8","16815.3","778","616","940","8275","6559","9983"
"Urban Centres (grid)","Germany","Berlin","GEOSTAT11_186","3373159","2021","PM2.5","WHO_2021_AQG_Scen_Sensitivity_2","643","12.2","12.3","3574","2736","3979","36786","28170","40963"
